Date,Item,Quantity,Price,Location,Category,Location Weight,Total Daily Spending,Abnormal Score,Is Abnormal
2026-01-01,Green Tea,2,56,榮耀門市,Beverages,5.0,521,47.97500000000001,0
2026-01-01,Noodles,1,45,榮耀門市,Food,5.0,521,47.97500000000001,0
2026-01-01,Beer,2,120,北投門市,Wine,4.0,521,47.97500000000001,0
2026-01-01,Pickup,3,300,榮耀門市,Other,5.0,521,47.97500000000001,0
2026-01-02,Coffee,1,50,豐學門市,Beverages,6.25,409,53.20000000000001,0
2026-01-02,Beer,2,120,中高站門市,Wine,0.1,409,53.20000000000001,0
2026-01-02,Green Tea,3,84,北投門市,Beverages,4.0,409,53.20000000000001,0
2026-01-02,Coffee,1,50,中高站門市,Beverages,0.1,409,53.20000000000001,0
2026-01-02,Sandwich,3,105,豐學門市,Food,6.25,409,53.20000000000001,0
2026-01-03,Bento,1,85,榮耀門市,Food,5.0,260,44.13333333333334,0
2026-01-03,Sandwich,3,105,中高站門市,Food,0.1,260,44.13333333333334,0
2026-01-03,Juice,2,70,北投門市,Beverages,4.0,260,44.13333333333334,0
2026-01-04,Stationery,2,110,榮耀門市,Other,5.0,290,41.66166666666668,0
2026-01-04,Noodles,1,45,豐學門市,Food,6.25,290,41.66166666666668,0
2026-01-04,Milk Tea,3,135,榮耀門市,Beverages,5.0,290,41.66166666666668,0
2026-01-05,Pickup,1,100,北投門市,Other,4.0,265,36.83666666666667,0
2026-01-05,Sake,1,120,榮耀門市,Wine,5.0,265,36.83666666666667,0
2026-01-05,Noodles,1,45,榮耀門市,Food,5.0,265,36.83666666666667,0
2026-01-06,Coffee,2,100,榮耀門市,Beverages,5.0,245,29.03666666666667,0
2026-01-06,Juice,3,105,榮耀門市,Beverages,5.0,245,29.03666666666667,0
2026-01-06,Hot Dog,1,40,中高站門市,Food,0.1,245,29.03666666666667,0
2026-01-08,Toiletries,2,140,中高站門市,Other,0.1,260,21.25333333333334,0
2026-01-08,Bento,1,85,中高站門市,Food,0.1,260,21.25333333333334,0
2026-01-08,Juice,1,35,榮耀門市,Beverages,5.0,260,21.25333333333334,0
2026-01-09,Rice Ball,2,60,北投門市,Food,4.0,540,46.54250000000001,0
2026-01-09,Bento,2,170,中高站門市,Food,0.1,540,46.54250000000001,0
2026-01-09,Coffee,2,100,中高站門市,Beverages,0.1,540,46.54250000000001,0
2026-01-09,Toiletries,3,210,冠桃園門市,Other,3.38,540,46.54250000000001,0
2026-01-10,Coffee,3,150,北投門市,Beverages,4.0,345,46.33333333333334,0
2026-01-10,Noodles,1,45,榮耀門市,Food,5.0,345,46.33333333333334,0
2026-01-10,Coffee,3,150,中高站門市,Beverages,0.1,345,46.33333333333334,0
2026-01-11,Coffee,3,150,冠桃園門市,Beverages,3.38,425,37.93000000000001,0
2026-01-11,Juice,1,35,冠桃園門市,Beverages,3.38,425,37.93000000000001,0
2026-01-11,Sake,2,240,榮耀門市,Wine,5.0,425,37.93000000000001,0
2026-01-13,Sake,1,120,榮耀門市,Wine,5.0,240,59.98250000000001,0
2026-01-13,Milk Tea,1,45,豐學門市,Beverages,6.25,240,59.98250000000001,0
2026-01-13,Hot Dog,1,40,豐學門市,Food,6.25,240,59.98250000000001,0
2026-01-13,Sandwich,1,35,北投門市,Food,4.0,240,59.98250000000001,0
2026-01-14,Hot Dog,3,120,中高站門市,Food,0.1,575,50.04600000000001,0
2026-01-14,Milk Tea,2,90,北投門市,Beverages,4.0,575,50.04600000000001,0
2026-01-14,Sandwich,3,105,冠桃園門市,Food,3.38,575,50.04600000000001,0
2026-01-14,Bento,2,170,冠桃園門市,Food,3.38,575,50.04600000000001,0
2026-01-14,Noodles,2,90,中高站門市,Food,0.1,575,50.04600000000001,0
2026-01-15,Rice Ball,1,30,中高站門市,Food,0.1,240,45.23833333333334,0
2026-01-15,Stationery,2,110,豐學門市,Other,6.25,240,45.23833333333334,0
2026-01-15,Pickup,1,100,冠桃園門市,Other,3.38,240,45.23833333333334,0
2026-01-16,Black Tea,3,75,北投門市,Beverages,4.0,150,44.425,0
2026-01-16,Rice Ball,1,30,中高站門市,Food,0.1,150,44.425,0
2026-01-16,Noodles,1,45,豐學門市,Food,6.25,150,44.425,0
2026-01-23,Bento,1,85,冠桃園門市,Food,3.38,430,39.08333333333334,0
2026-01-23,Milk Tea,1,45,北投門市,Beverages,4.0,430,39.08333333333334,0
2026-01-23,Pickup,3,300,北投門市,Other,4.0,430,39.08333333333334,0
2026-01-27,Juice,2,70,冠桃園門市,Beverages,3.38,335,53.04000000000001,0
2026-01-27,Hot Dog,3,120,北投門市,Food,4.0,335,53.04000000000001,0
2026-01-27,Bento,1,85,冠桃園門市,Food,3.38,335,53.04000000000001,0
2026-01-27,Rice Ball,2,60,榮耀門市,Food,5.0,335,53.04000000000001,0
2026-01-28,Coffee,3,150,豐學門市,Beverages,6.25,495,30.695,0
2026-01-28,Pickup,3,300,中高站門市,Other,0.1,495,30.695,0
2026-01-28,Noodles,1,45,中高站門市,Food,0.1,495,30.695,0
2026-01-29,Milk Tea,2,90,冠桃園門市,Beverages,3.38,820,58.85500000000001,0
2026-01-29,Sandwich,3,105,中高站門市,Food,0.1,820,58.85500000000001,0
2026-01-29,Pickup,2,200,冠桃園門市,Other,3.38,820,58.85500000000001,0
2026-01-29,Sandwich,2,70,中高站門市,Food,0.1,820,58.85500000000001,0
2026-01-29,Coffee,2,100,北投門市,Beverages,4.0,820,58.85500000000001,0
2026-01-29,Bento,3,255,冠桃園門市,Food,3.38,820,58.85500000000001,0
2026-01-30,Bento,2,170,北投門市,Food,4.0,570,51.30500000000001,0
2026-01-30,Beer,3,180,中高站門市,Wine,0.1,570,51.30500000000001,0
2026-01-30,Hot Dog,3,120,北投門市,Food,4.0,570,51.30500000000001,0
2026-01-30,Pickup,1,100,冠桃園門市,Other,3.38,570,51.30500000000001,0
2026-01-31,Sandwich,1,35,豐學門市,Food,6.25,225,43.45333333333333,0
2026-01-31,Coffee,1,50,豐學門市,Beverages,6.25,225,43.45333333333333,0
2026-01-31,Toiletries,2,140,榮耀門市,Other,5.0,225,43.45333333333333,0
2026-02-01,Coffee,2,100,北投門市,Beverages,4.0,530,41.24600000000001,0
2026-02-01,Stationery,3,165,北投門市,Other,4.0,530,41.24600000000001,0
2026-02-01,Juice,3,105,北投門市,Beverages,4.0,530,41.24600000000001,0
2026-02-01,Black Tea,1,25,冠桃園門市,Beverages,3.38,530,41.24600000000001,0
2026-02-01,Noodles,3,135,冠桃園門市,Food,3.38,530,41.24600000000001,0
2026-02-02,Milk Tea,3,135,北投門市,Beverages,4.0,500,59.858,0
2026-02-02,Beer,2,120,北投門市,Wine,4.0,500,59.858,0
2026-02-02,Black Tea,3,75,榮耀門市,Beverages,5.0,500,59.858,0
2026-02-02,Rice Ball,1,30,冠桃園門市,Food,3.38,500,59.858,0
2026-02-02,Toiletries,2,140,榮耀門市,Other,5.0,500,59.858,0
2026-02-03,Toiletries,1,70,北投門市,Other,4.0,550,36.07000000000001,0
2026-02-03,Sake,3,360,北投門市,Wine,4.0,550,36.07000000000001,0
2026-02-03,Beer,2,120,中高站門市,Wine,0.1,550,36.07000000000001,0
2026-02-07,Whiskey,1,250,中高站門市,Wine,0.1,475,54.75833333333334,0
2026-02-07,Noodles,3,135,豐學門市,Food,6.25,475,54.75833333333334,0
2026-02-07,Noodles,2,90,榮耀門市,Food,5.0,475,54.75833333333334,0
2026-02-08,Rice Ball,2,60,北投門市,Food,4.0,265,46.475,0
2026-02-08,Sandwich,3,105,豐學門市,Food,6.25,265,46.475,0
2026-02-08,Pickup,1,100,中高站門市,Other,0.1,265,46.475,0
2026-02-09,Black Tea,3,75,榮耀門市,Beverages,5.0,255,50.99666666666667,0
2026-02-09,Milk Tea,3,135,冠桃園門市,Beverages,3.38,255,50.99666666666667,0
2026-02-09,Noodles,1,45,北投門市,Food,4.0,255,50.99666666666667,0
2026-02-10,Juice,1,35,冠桃園門市,Beverages,3.38,575,58.65400000000001,0
2026-02-10,Milk Tea,2,90,冠桃園門市,Beverages,3.38,575,58.65400000000001,0
2026-02-10,Rice Ball,2,60,中高站門市,Food,0.1,575,58.65400000000001,0
2026-02-10,Pickup,3,300,榮耀門市,Other,5.0,575,58.65400000000001,0
2026-02-10,Rice Ball,3,90,冠桃園門市,Food,3.38,575,58.65400000000001,0
2026-02-12,Black Tea,2,50,中高站門市,Beverages,0.1,195,17.27,0
2026-02-12,Stationery,1,55,北投門市,Other,4.0,195,17.27,0
2026-02-12,Rice Ball,3,90,中高站門市,Food,0.1,195,17.27,0
2026-02-13,Milk Tea,2,90,中高站門市,Beverages,0.1,225,16.73333333333334,0
2026-02-13,Coffee,2,100,冠桃園門市,Beverages,3.38,225,16.73333333333334,0
2026-02-13,Juice,1,35,中高站門市,Beverages,0.1,225,16.73333333333334,0
2026-02-14,Bento,3,255,榮耀門市,Food,5.0,474,42.97666666666667,0
2026-02-14,Noodles,3,135,榮耀門市,Food,5.0,474,42.97666666666667,0
2026-02-14,Green Tea,3,84,北投門市,Beverages,4.0,474,42.97666666666667,0
2026-02-17,Noodles,1,45,冠桃園門市,Food,3.38,415,41.10000000000001,0
2026-02-17,Whiskey,1,250,榮耀門市,Wine,5.0,415,41.10000000000001,0
2026-02-17,Hot Dog,3,120,榮耀門市,Food,5.0,415,41.10000000000001,0
2026-02-20,Sandwich,3,105,榮耀門市,Food,5.0,230,55.10833333333333,0
2026-02-20,Milk Tea,1,45,豐學門市,Beverages,6.25,230,55.10833333333333,0
2026-02-20,Hot Dog,2,80,北投門市,Food,4.0,230,55.10833333333333,0
2026-02-21,Coffee,2,100,北投門市,Beverages,4.0,410,46.47000000000001,0
2026-02-21,Sake,2,240,豐學門市,Wine,6.25,410,46.47000000000001,0
2026-02-21,Toiletries,1,70,豐學門市,Other,6.25,410,46.47000000000001,0
2026-02-22,Milk Tea,2,90,中高站門市,Beverages,0.1,478,58.08833333333334,0
2026-02-22,Green Tea,1,28,豐學門市,Beverages,6.25,478,58.08833333333334,0
2026-02-22,Sake,3,360,榮耀門市,Wine,5.0,478,58.08833333333334,0
2026-02-24,Toiletries,1,70,北投門市,Other,4.0,285,33.58333333333334,0
2026-02-24,Stationery,3,165,冠桃園門市,Other,3.38,285,33.58333333333334,0
2026-02-24,Coffee,1,50,北投門市,Beverages,4.0,285,33.58333333333334,0
2026-02-26,Toiletries,3,210,冠桃園門市,Other,3.38,1045,51.98200000000001,0
2026-02-26,Sandwich,2,70,冠桃園門市,Food,3.38,1045,51.98200000000001,0
2026-02-26,Sake,3,360,冠桃園門市,Wine,3.38,1045,51.98200000000001,0
2026-02-26,Bento,3,255,榮耀門市,Food,5.0,1045,51.98200000000001,0
2026-02-26,Coffee,3,150,冠桃園門市,Beverages,3.38,1045,51.98200000000001,0
2026-02-27,Bento,1,85,北投門市,Food,4.0,205,51.28833333333334,0
2026-02-27,Black Tea,3,75,冠桃園門市,Beverages,3.38,205,51.28833333333334,0
2026-02-27,Milk Tea,1,45,豐學門市,Beverages,6.25,205,51.28833333333334,0
2026-03-05,Pickup,1,100,北投門市,Other,4.0,784,53.855,0
2026-03-05,Green Tea,3,84,北投門市,Beverages,4.0,784,53.855,0
2026-03-05,Pickup,1,100,北投門市,Other,4.0,784,53.855,0
2026-03-05,Whiskey,2,500,榮耀門市,Wine,5.0,784,53.855,0
2026-03-06,Stationery,1,55,中高站門市,Other,0.1,425,52.425,0
2026-03-06,Beer,2,120,豐學門市,Wine,6.25,425,52.425,0
2026-03-06,Whiskey,1,250,北投門市,Wine,4.0,425,52.425,0
2026-03-08,Toiletries,1,70,榮耀門市,Other,5.0,220,47.70833333333334,0
2026-03-08,Coffee,2,100,豐學門市,Beverages,6.25,220,47.70833333333334,0
2026-03-08,Coffee,1,50,中高站門市,Beverages,0.1,220,47.70833333333334,0
2026-03-10,Green Tea,2,56,榮耀門市,Beverages,5.0,371,32.875,0
2026-03-10,Whiskey,1,250,中高站門市,Wine,0.1,371,32.875,0
2026-03-10,Rice Ball,1,30,榮耀門市,Food,5.0,371,32.875,0
2026-03-10,Juice,1,35,中高站門市,Beverages,0.1,371,32.875,0
2026-03-12,Stationery,1,55,中高站門市,Other,0.1,575,52.99750000000001,0
2026-03-12,Beer,2,120,北投門市,Wine,4.0,575,52.99750000000001,0
2026-03-12,Black Tea,3,75,北投門市,Beverages,4.0,575,52.99750000000001,0
2026-03-12,Rice Ball,3,90,豐學門市,Food,6.25,575,52.99750000000001,0
2026-03-12,Coffee,2,100,中高站門市,Beverages,0.1,575,52.99750000000001,0
2026-03-12,Milk Tea,3,135,中高站門市,Beverages,0.1,575,52.99750000000001,0
2026-03-13,Black Tea,1,25,榮耀門市,Beverages,5.0,295,36.45,0
2026-03-13,Noodles,3,135,冠桃園門市,Food,3.38,295,36.45,0
2026-03-13,Noodles,3,135,榮耀門市,Food,5.0,295,36.45,0
2026-03-16,Rice Ball,2,60,榮耀門市,Food,5.0,155,29.83000000000001,0
2026-03-16,Coffee,1,50,冠桃園門市,Beverages,3.38,155,29.83000000000001,0
2026-03-16,Noodles,1,45,冠桃園門市,Food,3.38,155,29.83000000000001,0
2026-03-17,Milk Tea,2,90,冠桃園門市,Beverages,3.38,531,49.00600000000001,0
2026-03-17,Green Tea,2,56,北投門市,Beverages,4.0,531,49.00600000000001,0
2026-03-17,Milk Tea,3,135,中高站門市,Beverages,0.1,531,49.00600000000001,0
2026-03-17,Pickup,1,100,中高站門市,Other,0.1,531,49.00600000000001,0
2026-03-17,Coffee,3,150,冠桃園門市,Beverages,3.38,531,49.00600000000001,0
2026-03-18,Rice Ball,1,30,豐學門市,Food,6.25,210,53.42000000000001,0
2026-03-18,Juice,1,35,豐學門市,Beverages,6.25,210,53.42000000000001,0
2026-03-18,Stationery,1,55,中高站門市,Other,0.1,210,53.42000000000001,0
2026-03-18,Milk Tea,2,90,榮耀門市,Beverages,5.0,210,53.42000000000001,0
2026-03-19,Bento,3,255,榮耀門市,Food,5.0,630,50.02800000000001,0
2026-03-19,Sandwich,2,70,冠桃園門市,Food,3.38,630,50.02800000000001,0
2026-03-19,Coffee,1,50,榮耀門市,Beverages,5.0,630,50.02800000000001,0
2026-03-19,Hot Dog,3,120,榮耀門市,Food,5.0,630,50.02800000000001,0
2026-03-19,Noodles,3,135,榮耀門市,Food,5.0,630,50.02800000000001,0
2026-03-21,Black Tea,1,25,冠桃園門市,Beverages,3.38,615,38.64666666666667,0
2026-03-21,Whiskey,2,500,冠桃園門市,Wine,3.38,615,38.64666666666667,0
2026-03-21,Noodles,2,90,中高站門市,Food,0.1,615,38.64666666666667,0
2026-03-23,Milk Tea,1,45,豐學門市,Beverages,6.25,595,53.935,0
2026-03-23,Stationery,3,165,中高站門市,Other,0.1,595,53.935,0
2026-03-23,Stationery,3,165,北投門市,Other,4.0,595,53.935,0
2026-03-23,Beer,2,120,北投門市,Wine,4.0,595,53.935,0
2026-03-23,Pickup,1,100,中高站門市,Other,0.1,595,53.935,0
2026-03-24,Whiskey,1,250,冠桃園門市,Wine,3.38,460,54.54625000000001,0
2026-03-24,Sandwich,2,70,冠桃園門市,Food,3.38,460,54.54625000000001,0
2026-03-24,Hot Dog,2,80,中高站門市,Food,0.1,460,54.54625000000001,0
2026-03-24,Rice Ball,2,60,豐學門市,Food,6.25,460,54.54625000000001,0
2026-03-27,Sake,2,240,榮耀門市,Wine,5.0,870,56.2775,0
2026-03-27,Pickup,3,300,豐學門市,Other,6.25,870,56.2775,0
2026-03-27,Rice Ball,3,90,豐學門市,Food,6.25,870,56.2775,0
2026-03-27,Sake,2,240,榮耀門市,Wine,5.0,870,56.2775,0
2026-03-29,Sake,1,120,冠桃園門市,Wine,3.38,490,19.13000000000001,0
2026-03-29,Sake,1,120,冠桃園門市,Wine,3.38,490,19.13000000000001,0
2026-03-29,Whiskey,1,250,冠桃園門市,Wine,3.38,490,19.13000000000001,0
2026-03-31,Green Tea,3,84,榮耀門市,Beverages,5.0,354,36.02,0
2026-03-31,Pickup,2,200,冠桃園門市,Other,3.38,354,36.02,0
2026-03-31,Toiletries,1,70,冠桃園門市,Other,3.38,354,36.02,0
2026-04-01,Toiletries,1,70,冠桃園門市,Other,3.38,414,57.38250000000001,0
2026-04-01,Green Tea,3,84,北投門市,Beverages,4.0,414,57.38250000000001,0
2026-04-01,Black Tea,2,50,榮耀門市,Beverages,5.0,414,57.38250000000001,0
2026-04-01,Toiletries,3,210,北投門市,Other,4.0,414,57.38250000000001,0
2026-04-02,Bento,1,85,北投門市,Food,4.0,210,49.19666666666667,0
2026-04-02,Sandwich,1,35,榮耀門市,Food,5.0,210,49.19666666666667,0
2026-04-02,Milk Tea,2,90,冠桃園門市,Beverages,3.38,210,49.19666666666667,0
2026-04-04,Pickup,2,200,榮耀門市,Other,5.0,395,48.33333333333334,0
2026-04-04,Sandwich,3,105,北投門市,Food,4.0,395,48.33333333333334,0
2026-04-04,Milk Tea,2,90,中高站門市,Beverages,0.1,395,48.33333333333334,0
2026-04-05,Black Tea,1,25,冠桃園門市,Beverages,3.38,411,48.256,0
2026-04-05,Green Tea,2,56,中高站門市,Beverages,0.1,411,48.256,0
2026-04-05,Noodles,3,135,中高站門市,Food,0.1,411,48.256,0
2026-04-05,Stationery,3,165,北投門市,Other,4.0,411,48.256,0
2026-04-05,Rice Ball,1,30,冠桃園門市,Food,3.38,411,48.256,0
2026-04-07,Noodles,1,45,中高站門市,Food,0.1,480,56.65125000000001,0
2026-04-07,Milk Tea,3,135,榮耀門市,Beverages,5.0,480,56.65125000000001,0
2026-04-07,Stationery,3,165,榮耀門市,Other,5.0,480,56.65125000000001,0
2026-04-07,Noodles,3,135,豐學門市,Food,6.25,480,56.65125000000001,0
2026-04-10,Toiletries,3,210,豐學門市,Other,6.25,705,55.33500000000001,0
2026-04-10,Noodles,3,135,豐學門市,Food,6.25,705,55.33500000000001,0
2026-04-10,Pickup,2,200,豐學門市,Other,6.25,705,55.33500000000001,0
2026-04-10,Toiletries,1,70,榮耀門市,Other,5.0,705,55.33500000000001,0
2026-04-10,Milk Tea,2,90,榮耀門市,Beverages,5.0,705,55.33500000000001,0
2026-04-11,Green Tea,1,28,北投門市,Beverages,4.0,333,53.68000000000001,0
2026-04-11,Rice Ball,2,60,北投門市,Food,4.0,333,53.68000000000001,0
2026-04-11,Stationery,2,110,榮耀門市,Other,5.0,333,53.68000000000001,0
2026-04-11,Rice Ball,3,90,榮耀門市,Food,5.0,333,53.68000000000001,0
2026-04-11,Noodles,1,45,中高站門市,Food,0.1,333,53.68000000000001,0
2026-04-12,Pickup,2,200,中高站門市,Other,0.1,635,2.690000000000003,0
2026-04-12,Beer,3,180,中高站門市,Wine,0.1,635,2.690000000000003,0
2026-04-12,Bento,3,255,中高站門市,Food,0.1,635,2.690000000000003,0
2026-04-13,Toiletries,1,70,北投門市,Other,4.0,464,57.88500000000001,0
2026-04-13,Stationery,2,110,豐學門市,Other,6.25,464,57.88500000000001,0
2026-04-13,Green Tea,3,84,豐學門市,Beverages,6.25,464,57.88500000000001,0
2026-04-13,Pickup,2,200,中高站門市,Other,0.1,464,57.88500000000001,0
2026-04-16,Juice,2,70,榮耀門市,Beverages,5.0,205,43.13333333333334,0
2026-04-16,Milk Tea,1,45,中高站門市,Beverages,0.1,205,43.13333333333334,0
2026-04-16,Noodles,2,90,北投門市,Food,4.0,205,43.13333333333334,0
2026-04-20,Stationery,2,110,冠桃園門市,Other,3.38,545,59.55875,0
2026-04-20,Bento,1,85,冠桃園門市,Food,3.38,545,59.55875,0
2026-04-20,Toiletries,3,210,北投門市,Other,4.0,545,59.55875,0
2026-04-20,Toiletries,2,140,豐學門市,Other,6.25,545,59.55875,0
2026-04-21,Green Tea,3,84,北投門市,Beverages,4.0,365,57.95100000000001,0
2026-04-21,Green Tea,2,56,豐學門市,Beverages,6.25,365,57.95100000000001,0
2026-04-21,Milk Tea,1,45,北投門市,Beverages,4.0,365,57.95100000000001,0
2026-04-21,Milk Tea,1,45,冠桃園門市,Beverages,3.38,365,57.95100000000001,0
2026-04-21,Milk Tea,3,135,冠桃園門市,Beverages,3.38,365,57.95100000000001,0
2026-04-23,Rice Ball,3,90,中高站門市,Food,0.1,510,39.5025,0
2026-04-23,Bento,2,170,榮耀門市,Food,5.0,510,39.5025,0
2026-04-23,Pickup,2,200,榮耀門市,Other,5.0,510,39.5025,0
2026-04-23,Black Tea,2,50,榮耀門市,Beverages,5.0,510,39.5025,0
2026-04-26,Juice,3,105,中高站門市,Beverages,0.1,476,57.96125000000001,0
2026-04-26,Green Tea,2,56,榮耀門市,Beverages,5.0,476,57.96125000000001,0
2026-04-26,Sandwich,3,105,豐學門市,Food,6.25,476,57.96125000000001,0
2026-04-26,Toiletries,3,210,榮耀門市,Other,5.0,476,57.96125000000001,0
2026-04-27,Hot Dog,3,120,北投門市,Food,4.0,375,26.265,0
2026-04-27,Beer,2,120,中高站門市,Wine,0.1,375,26.265,0
2026-04-27,Beer,1,60,北投門市,Wine,4.0,375,26.265,0
2026-04-27,Black Tea,3,75,中高站門市,Beverages,0.1,375,26.265,0
2026-04-28,Stationery,2,110,豐學門市,Other,6.25,640,36.405,0
2026-04-28,Black Tea,2,50,中高站門市,Beverages,0.1,640,36.405,0
2026-04-28,Toiletries,2,140,豐學門市,Other,6.25,640,36.405,0
2026-04-28,Coffee,1,50,中高站門市,Beverages,0.1,640,36.405,0
2026-04-28,Bento,2,170,中高站門市,Food,0.1,640,36.405,0
2026-04-28,Sake,1,120,中高站門市,Wine,0.1,640,36.405,0
2026-04-29,Whiskey,1,250,冠桃園門市,Wine,3.38,440,41.35000000000001,0
2026-04-29,Beer,2,120,榮耀門市,Wine,5.0,440,41.35000000000001,0
2026-04-29,Sandwich,2,70,榮耀門市,Food,5.0,440,41.35000000000001,0
2026-04-30,Hot Dog,1,40,豐學門市,Food,6.25,190,51.28833333333333,0
2026-04-30,Milk Tea,2,90,北投門市,Beverages,4.0,190,51.28833333333333,0
2026-04-30,Beer,1,60,冠桃園門市,Wine,3.38,190,51.28833333333333,0
2026-05-02,Bento,3,255,冠桃園門市,Food,3.38,760,58.736,0
2026-05-02,Black Tea,3,75,北投門市,Beverages,4.0,760,58.736,0
2026-05-02,Bento,1,85,北投門市,Food,4.0,760,58.736,0
2026-05-02,Noodles,2,90,冠桃園門市,Food,3.38,760,58.736,0
2026-05-02,Bento,3,255,中高站門市,Food,0.1,760,58.736,0
2026-05-03,Juice,3,105,冠桃園門市,Beverages,3.38,380,55.20875000000001,0
2026-05-03,Bento,1,85,北投門市,Food,4.0,380,55.20875000000001,0
2026-05-03,Sandwich,2,70,豐學門市,Food,6.25,380,55.20875000000001,0
2026-05-03,Beer,2,120,冠桃園門市,Wine,3.38,380,55.20875000000001,0
2026-05-07,Sandwich,1,35,北投門市,Food,4.0,155,44.325,0
2026-05-07,Sandwich,2,70,豐學門市,Food,6.25,155,44.325,0
2026-05-07,Coffee,1,50,中高站門市,Beverages,0.1,155,44.325,0
2026-05-08,Toiletries,3,210,榮耀門市,Other,5.0,455,49.42750000000001,0
2026-05-08,Juice,3,105,豐學門市,Beverages,6.25,455,49.42750000000001,0
2026-05-08,Coffee,1,50,榮耀門市,Beverages,5.0,455,49.42750000000001,0
2026-05-08,Rice Ball,3,90,豐學門市,Food,6.25,455,49.42750000000001,0
2026-05-09,Black Tea,3,75,榮耀門市,Beverages,5.0,170,27.38666666666667,0
2026-05-09,Sandwich,1,35,中高站門市,Food,0.1,170,27.38666666666667,0
2026-05-09,Rice Ball,2,60,榮耀門市,Food,5.0,170,27.38666666666667,0
2026-05-12,Hot Dog,2,80,榮耀門市,Food,5.0,525,34.115,0
2026-05-12,Noodles,3,135,榮耀門市,Food,5.0,525,34.115,0
2026-05-12,Toiletries,1,70,中高站門市,Other,0.1,525,34.115,0
2026-05-12,Sake,2,240,中高站門市,Wine,0.1,525,34.115,0
2026-05-14,Juice,3,105,中高站門市,Beverages,0.1,500,53.854,0
2026-05-14,Milk Tea,2,90,榮耀門市,Beverages,5.0,500,53.854,0
2026-05-14,Stationery,3,165,冠桃園門市,Other,3.38,500,53.854,0
2026-05-14,Juice,3,105,冠桃園門市,Beverages,3.38,500,53.854,0
2026-05-14,Juice,1,35,冠桃園門市,Beverages,3.38,500,53.854,0
2026-05-15,Black Tea,3,75,豐學門市,Beverages,6.25,460,58.86900000000001,0
2026-05-15,Juice,3,105,榮耀門市,Beverages,5.0,460,58.86900000000001,0
2026-05-15,Toiletries,1,70,冠桃園門市,Other,3.38,460,58.86900000000001,0
2026-05-15,Beer,2,120,冠桃園門市,Wine,3.38,460,58.86900000000001,0
2026-05-15,Rice Ball,3,90,冠桃園門市,Food,3.38,460,58.86900000000001,0
2026-05-16,Stationery,3,165,中高站門市,Other,0.1,785,50.93800000000001,0
2026-05-16,Beer,3,180,中高站門市,Wine,0.1,785,50.93800000000001,0
2026-05-16,Stationery,1,55,北投門市,Other,4.0,785,50.93800000000001,0
2026-05-16,Noodles,3,135,中高站門市,Food,0.1,785,50.93800000000001,0
2026-05-16,Whiskey,1,250,冠桃園門市,Wine,3.38,785,50.93800000000001,0
2026-05-18,Green Tea,1,28,北投門市,Beverages,4.0,233,50.77666666666667,0
2026-05-18,Milk Tea,3,135,榮耀門市,Beverages,5.0,233,50.77666666666667,0
2026-05-18,Toiletries,1,70,冠桃園門市,Other,3.38,233,50.77666666666667,0
2026-05-20,Hot Dog,1,40,冠桃園門市,Food,3.38,320,54.0925,0
2026-05-20,Beer,1,60,豐學門市,Wine,6.25,320,54.0925,0
2026-05-20,Coffee,3,150,中高站門市,Beverages,0.1,320,54.0925,0
2026-05-20,Toiletries,1,70,豐學門市,Other,6.25,320,54.0925,0
2026-05-22,Toiletries,1,70,榮耀門市,Other,5.0,699,56.52916666666668,0
2026-05-22,Green Tea,3,84,中高站門市,Beverages,0.1,699,56.52916666666668,0
2026-05-22,Pickup,3,300,中高站門市,Other,0.1,699,56.52916666666668,0
2026-05-22,Black Tea,3,75,中高站門市,Beverages,0.1,699,56.52916666666668,0
2026-05-22,Noodles,3,135,中高站門市,Food,0.1,699,56.52916666666668,0
2026-05-22,Juice,1,35,豐學門市,Beverages,6.25,699,56.52916666666668,0
2026-05-23,Stationery,1,55,中高站門市,Other,0.1,135,26.43666666666667,0
2026-05-23,Juice,1,35,榮耀門市,Beverages,5.0,135,26.43666666666667,0
2026-05-23,Milk Tea,1,45,榮耀門市,Beverages,5.0,135,26.43666666666667,0
2026-05-25,Beer,1,60,榮耀門市,Wine,5.0,200,39.26166666666667,0
2026-05-25,Bento,1,85,榮耀門市,Food,5.0,200,39.26166666666667,0
2026-05-25,Stationery,1,55,豐學門市,Other,6.25,200,39.26166666666667,0
2026-05-27,Black Tea,1,25,中高站門市,Beverages,0.1,505,53.79625000000001,0
2026-05-27,Pickup,1,100,豐學門市,Other,6.25,505,53.79625000000001,0
2026-05-27,Toiletries,3,210,冠桃園門市,Other,3.38,505,53.79625000000001,0
2026-05-27,Bento,2,170,冠桃園門市,Food,3.38,505,53.79625000000001,0
2026-05-30,Milk Tea,2,90,冠桃園門市,Beverages,3.38,310,37.50000000000001,0
2026-05-30,Stationery,1,55,榮耀門市,Other,5.0,310,37.50000000000001,0
2026-05-30,Stationery,3,165,榮耀門市,Other,5.0,310,37.50000000000001,0
2026-05-31,Juice,1,35,北投門市,Beverages,4.0,150,42.58333333333334,0
2026-05-31,Rice Ball,3,90,榮耀門市,Food,5.0,150,42.58333333333334,0
2026-05-31,Black Tea,1,25,中高站門市,Beverages,0.1,150,42.58333333333334,0
2026-06-01,Coffee,1,50,冠桃園門市,Beverages,3.38,320,41.73333333333333,0
2026-06-01,Coffee,3,150,豐學門市,Beverages,6.25,320,41.73333333333333,0
2026-06-01,Hot Dog,3,120,豐學門市,Food,6.25,320,41.73333333333333,0
2026-06-02,Sake,2,240,冠桃園門市,Wine,3.38,560,30.01000000000001,0
2026-06-02,Coffee,3,150,冠桃園門市,Beverages,3.38,560,30.01000000000001,0
2026-06-02,Juice,2,70,中高站門市,Beverages,0.1,560,30.01000000000001,0
2026-06-02,Coffee,2,100,中高站門市,Beverages,0.1,560,30.01000000000001,0
2026-06-04,Toiletries,3,210,中高站門市,Other,0.1,830,41.655,0
2026-06-04,Juice,2,70,北投門市,Beverages,4.0,830,41.655,0
2026-06-04,Rice Ball,3,90,北投門市,Food,4.0,830,41.655,0
2026-06-04,Pickup,3,300,北投門市,Other,4.0,830,41.655,0
2026-06-04,Black Tea,3,75,中高站門市,Beverages,0.1,830,41.655,0
2026-06-04,Bento,1,85,中高站門市,Food,0.1,830,41.655,0
2026-06-05,Black Tea,2,50,榮耀門市,Beverages,5.0,225,32.8075,0
2026-06-05,Noodles,1,45,冠桃園門市,Food,3.38,225,32.8075,0
2026-06-05,Sandwich,2,70,冠桃園門市,Food,3.38,225,32.8075,0
2026-06-05,Beer,1,60,冠桃園門市,Wine,3.38,225,32.8075,0
2026-06-07,Toiletries,2,140,中高站門市,Other,0.1,389,45.16,0
2026-06-07,Toiletries,2,140,中高站門市,Other,0.1,389,45.16,0
2026-06-07,Black Tea,1,25,北投門市,Beverages,4.0,389,45.16,0
2026-06-07,Green Tea,3,84,榮耀門市,Beverages,5.0,389,45.16,0
2026-06-08,Rice Ball,2,60,豐學門市,Food,6.25,385,56.46000000000001,0
2026-06-08,Juice,1,35,中高站門市,Beverages,0.1,385,56.46000000000001,0
2026-06-08,Noodles,1,45,中高站門市,Food,0.1,385,56.46000000000001,0
2026-06-08,Milk Tea,1,45,榮耀門市,Beverages,5.0,385,56.46000000000001,0
2026-06-08,Pickup,2,200,豐學門市,Other,6.25,385,56.46000000000001,0
2026-06-09,Green Tea,1,28,中高站門市,Beverages,0.1,383,33.22000000000001,0
2026-06-09,Beer,2,120,豐學門市,Wine,6.25,383,33.22000000000001,0
2026-06-09,Juice,1,35,中高站門市,Beverages,0.1,383,33.22000000000001,0
2026-06-09,Stationery,3,165,中高站門市,Other,0.1,383,33.22000000000001,0
2026-06-09,Juice,1,35,豐學門市,Beverages,6.25,383,33.22000000000001,0
2026-06-10,Pickup,3,300,中高站門市,Other,0.1,493,52.31333333333335,0
2026-06-10,Stationery,3,165,榮耀門市,Other,5.0,493,52.31333333333335,0
2026-06-10,Green Tea,1,28,北投門市,Beverages,4.0,493,52.31333333333335,0
2026-06-11,Noodles,2,90,北投門市,Food,4.0,281,56.51833333333334,0
2026-06-11,Milk Tea,3,135,豐學門市,Beverages,6.25,281,56.51833333333334,0
2026-06-11,Green Tea,2,56,榮耀門市,Beverages,5.0,281,56.51833333333334,0
2026-06-12,Juice,1,35,榮耀門市,Beverages,5.0,210,43.54666666666667,0
2026-06-12,Toiletries,2,140,中高站門市,Other,0.1,210,43.54666666666667,0
2026-06-12,Juice,1,35,冠桃園門市,Beverages,3.38,210,43.54666666666667,0
2026-06-13,Hot Dog,3,120,豐學門市,Food,6.25,285,45.98833333333334,0
2026-06-13,Sake,1,120,中高站門市,Wine,0.1,285,45.98833333333334,0
2026-06-13,Noodles,1,45,冠桃園門市,Food,3.38,285,45.98833333333334,0
2026-06-17,Sandwich,1,35,豐學門市,Food,6.25,363,41.40166666666667,0
2026-06-17,Pickup,3,300,冠桃園門市,Other,3.38,363,41.40166666666667,0
2026-06-17,Green Tea,1,28,冠桃園門市,Beverages,3.38,363,41.40166666666667,0
2026-06-24,Coffee,2,100,榮耀門市,Beverages,5.0,455,50.58333333333334,0
2026-06-24,Pickup,1,100,北投門市,Other,4.0,455,50.58333333333334,0
2026-06-24,Bento,3,255,中高站門市,Food,0.1,455,50.58333333333334,0
2026-06-25,Bento,1,85,中高站門市,Food,0.1,380,28.04500000000001,0
2026-06-25,Whiskey,1,250,中高站門市,Wine,0.1,380,28.04500000000001,0
2026-06-25,Noodles,1,45,豐學門市,Food,6.25,380,28.04500000000001,0
2026-06-26,Coffee,2,100,中高站門市,Beverages,0.1,695,32.27500000000001,0
2026-06-26,Pickup,2,200,中高站門市,Other,0.1,695,32.27500000000001,0
2026-06-26,Bento,1,85,豐學門市,Food,6.25,695,32.27500000000001,0
2026-06-26,Stationery,1,55,中高站門市,Other,0.1,695,32.27500000000001,0
2026-06-26,Bento,3,255,中高站門市,Food,0.1,695,32.27500000000001,0
2026-06-29,Pickup,2,200,北投門市,Other,4.0,315,37.08500000000001,0
2026-06-29,Black Tea,1,25,冠桃園門市,Beverages,3.38,315,37.08500000000001,0
2026-06-29,Milk Tea,1,45,冠桃園門市,Beverages,3.38,315,37.08500000000001,0
2026-06-29,Milk Tea,1,45,北投門市,Beverages,4.0,315,37.08500000000001,0
2026-07-03,Sandwich,3,105,北投門市,Food,4.0,495,52.7825,0
2026-07-03,Pickup,1,100,北投門市,Other,4.0,495,52.7825,0
2026-07-03,Stationery,2,110,中高站門市,Other,0.1,495,52.7825,0
2026-07-03,Beer,3,180,榮耀門市,Wine,5.0,495,52.7825,0
2026-07-04,Hot Dog,2,80,中高站門市,Food,0.1,255,44.03875000000001,0
2026-07-04,Milk Tea,2,90,中高站門市,Beverages,0.1,255,44.03875000000001,0
2026-07-04,Stationery,1,55,豐學門市,Other,6.25,255,44.03875000000001,0
2026-07-04,Rice Ball,1,30,北投門市,Food,4.0,255,44.03875000000001,0
2026-07-05,Beer,1,60,榮耀門市,Wine,5.0,240,44.38333333333334,0
2026-07-05,Beer,2,120,北投門市,Wine,4.0,240,44.38333333333334,0
2026-07-05,Beer,1,60,中高站門市,Wine,0.1,240,44.38333333333334,0
2026-07-07,Pickup,1,100,中高站門市,Other,0.1,265,46.925,0
2026-07-07,Hot Dog,3,120,北投門市,Food,4.0,265,46.925,0
2026-07-07,Noodles,1,45,豐學門市,Food,6.25,265,46.925,0
2026-07-10,Sandwich,1,35,中高站門市,Food,0.1,270,-3.209999999999998,0
2026-07-10,Beer,3,180,中高站門市,Wine,0.1,270,-3.209999999999998,0
2026-07-10,Stationery,1,55,中高站門市,Other,0.1,270,-3.209999999999998,0
2026-07-11,Rice Ball,2,60,榮耀門市,Food,5.0,385,30.465,0
2026-07-11,Toiletries,1,70,中高站門市,Other,0.1,385,30.465,0
2026-07-11,Stationery,3,165,中高站門市,Other,0.1,385,30.465,0
2026-07-11,Noodles,2,90,榮耀門市,Food,5.0,385,30.465,0
2026-07-13,Stationery,1,55,中高站門市,Other,0.1,160,38.81333333333334,0
2026-07-13,Rice Ball,2,60,北投門市,Food,4.0,160,38.81333333333334,0
2026-07-13,Noodles,1,45,冠桃園門市,Food,3.38,160,38.81333333333334,0
2026-07-14,Toiletries,3,210,冠桃園門市,Other,3.38,815,49.714,0
2026-07-14,Stationery,3,165,豐學門市,Other,6.25,815,49.714,0
2026-07-14,Pickup,2,200,豐學門市,Other,6.25,815,49.714,0
2026-07-14,Milk Tea,3,135,冠桃園門市,Beverages,3.38,815,49.714,0
2026-07-14,Juice,3,105,冠桃園門市,Beverages,3.38,815,49.714,0
2026-07-16,Stationery,1,55,中高站門市,Other,0.1,520,50.69600000000001,0
2026-07-16,Toiletries,1,70,冠桃園門市,Other,3.38,520,50.69600000000001,0
2026-07-16,Black Tea,2,50,中高站門市,Beverages,0.1,520,50.69600000000001,0
2026-07-16,Toiletries,3,210,冠桃園門市,Other,3.38,520,50.69600000000001,0
2026-07-16,Noodles,3,135,北投門市,Food,4.0,520,50.69600000000001,0
2026-07-18,Green Tea,1,28,冠桃園門市,Beverages,3.38,453,58.63875,0
2026-07-18,Stationery,3,165,冠桃園門市,Other,3.38,453,58.63875,0
2026-07-18,Toiletries,3,210,豐學門市,Other,6.25,453,58.63875,0
2026-07-18,Black Tea,2,50,北投門市,Beverages,4.0,453,58.63875,0
2026-07-19,Hot Dog,2,80,冠桃園門市,Food,3.38,296,28.28,0
2026-07-19,Green Tea,2,56,中高站門市,Beverages,0.1,296,28.28,0
2026-07-19,Sake,1,120,冠桃園門市,Wine,3.38,296,28.28,0
2026-07-19,Hot Dog,1,40,冠桃園門市,Food,3.38,296,28.28,0
2026-07-21,Pickup,2,200,北投門市,Other,4.0,500,51.675,0
2026-07-21,Coffee,2,100,中高站門市,Beverages,0.1,500,51.675,0
2026-07-21,Pickup,2,200,豐學門市,Other,6.25,500,51.675,0
2026-07-25,Juice,3,105,冠桃園門市,Beverages,3.38,495,51.80400000000001,0
2026-07-25,Beer,2,120,冠桃園門市,Wine,3.38,495,51.80400000000001,0
2026-07-25,Noodles,3,135,北投門市,Food,4.0,495,51.80400000000001,0
2026-07-25,Coffee,2,100,中高站門市,Beverages,0.1,495,51.80400000000001,0
2026-07-25,Juice,1,35,冠桃園門市,Beverages,3.38,495,51.80400000000001,0
2026-07-27,Toiletries,2,140,冠桃園門市,Other,3.38,545,38.85750000000001,0
2026-07-27,Stationery,3,165,冠桃園門市,Other,3.38,545,38.85750000000001,0
2026-07-27,Juice,3,105,榮耀門市,Beverages,5.0,545,38.85750000000001,0
2026-07-27,Noodles,3,135,冠桃園門市,Food,3.38,545,38.85750000000001,0
2026-07-28,Coffee,2,100,冠桃園門市,Beverages,3.38,425,57.6675,0
2026-07-28,Coffee,1,50,榮耀門市,Beverages,5.0,425,57.6675,0
2026-07-28,Sandwich,3,105,榮耀門市,Food,5.0,425,57.6675,0
2026-07-28,Bento,2,170,北投門市,Food,4.0,425,57.6675,0
2026-07-29,Pickup,2,200,北投門市,Other,4.0,710,57.33500000000001,0
2026-07-29,Sake,2,240,豐學門市,Wine,6.25,710,57.33500000000001,0
2026-07-29,Noodles,3,135,中高站門市,Food,0.1,710,57.33500000000001,0
2026-07-29,Bento,1,85,北投門市,Food,4.0,710,57.33500000000001,0
2026-07-29,Black Tea,2,50,中高站門市,Beverages,0.1,710,57.33500000000001,0
2026-08-01,Rice Ball,1,30,榮耀門市,Food,5.0,125,38.06166666666667,0
2026-08-01,Toiletries,1,70,榮耀門市,Other,5.0,125,38.06166666666667,0
2026-08-01,Black Tea,1,25,豐學門市,Beverages,6.25,125,38.06166666666667,0
2026-08-03,Noodles,3,135,北投門市,Food,4.0,310,51.54666666666667,0
2026-08-03,Milk Tea,3,135,冠桃園門市,Beverages,3.38,310,51.54666666666667,0
2026-08-03,Hot Dog,1,40,榮耀門市,Food,5.0,310,51.54666666666667,0
2026-08-04,Sandwich,3,105,豐學門市,Food,6.25,490,48.0625,0
2026-08-04,Rice Ball,2,60,冠桃園門市,Food,3.38,490,48.0625,0
2026-08-04,Hot Dog,1,40,豐學門市,Food,6.25,490,48.0625,0
2026-08-04,Sake,1,120,冠桃園門市,Wine,3.38,490,48.0625,0
2026-08-04,Hot Dog,3,120,冠桃園門市,Food,3.38,490,48.0625,0
2026-08-04,Noodles,1,45,豐學門市,Food,6.25,490,48.0625,0
2026-08-08,Beer,2,120,冠桃園門市,Wine,3.38,520,51.078,0
2026-08-08,Black Tea,1,25,中高站門市,Beverages,0.1,520,51.078,0
2026-08-08,Pickup,2,200,北投門市,Other,4.0,520,51.078,0
2026-08-08,Juice,3,105,北投門市,Beverages,4.0,520,51.078,0
2026-08-08,Toiletries,1,70,中高站門市,Other,0.1,520,51.078,0
2026-08-09,Rice Ball,1,30,豐學門市,Food,6.25,191,44.59833333333334,0
2026-08-09,Juice,3,105,冠桃園門市,Beverages,3.38,191,44.59833333333334,0
2026-08-09,Green Tea,2,56,中高站門市,Beverages,0.1,191,44.59833333333334,0
2026-08-13,Coffee,2,100,冠桃園門市,Beverages,3.38,805,55.0675,0
2026-08-13,Sake,3,360,中高站門市,Wine,0.1,805,55.0675,0
2026-08-13,Bento,3,255,榮耀門市,Food,5.0,805,55.0675,0
2026-08-13,Milk Tea,2,90,中高站門市,Beverages,0.1,805,55.0675,0
2026-08-15,Pickup,2,200,豐學門市,Other,6.25,711,47.315,0
2026-08-15,Beer,2,120,中高站門市,Wine,0.1,711,47.315,0
2026-08-15,Juice,1,35,豐學門市,Beverages,6.25,711,47.315,0
2026-08-15,Pickup,3,300,中高站門市,Other,0.1,711,47.315,0
2026-08-15,Green Tea,2,56,豐學門市,Beverages,6.25,711,47.315,0
2026-08-16,Rice Ball,3,90,榮耀門市,Food,5.0,360,51.45750000000001,0
2026-08-16,Noodles,3,135,中高站門市,Food,0.1,360,51.45750000000001,0
2026-08-16,Juice,1,35,北投門市,Beverages,4.0,360,51.45750000000001,0
2026-08-16,Pickup,1,100,榮耀門市,Other,5.0,360,51.45750000000001,0
2026-08-17,Pickup,2,200,榮耀門市,Other,5.0,511,29.47000000000001,0
2026-08-17,Hot Dog,3,120,榮耀門市,Food,5.0,511,29.47000000000001,0
2026-08-17,Milk Tea,3,135,榮耀門市,Beverages,5.0,511,29.47000000000001,0
2026-08-17,Green Tea,2,56,榮耀門市,Beverages,5.0,511,29.47000000000001,0
2026-08-20,Rice Ball,1,30,冠桃園門市,Food,3.38,640,43.68000000000001,0
2026-08-20,Whiskey,1,250,冠桃園門市,Wine,3.38,640,43.68000000000001,0
2026-08-20,Sake,3,360,榮耀門市,Wine,5.0,640,43.68000000000001,0
2026-08-21,Juice,1,35,北投門市,Beverages,4.0,490,44.66500000000001,0
2026-08-21,Stationery,3,165,榮耀門市,Other,5.0,490,44.66500000000001,0
2026-08-21,Milk Tea,2,90,榮耀門市,Beverages,5.0,490,44.66500000000001,0
2026-08-21,Pickup,2,200,榮耀門市,Other,5.0,490,44.66500000000001,0
2026-08-22,Rice Ball,1,30,北投門市,Food,4.0,390,41.65333333333334,0
2026-08-22,Pickup,3,300,榮耀門市,Other,5.0,390,41.65333333333334,0
2026-08-22,Beer,1,60,北投門市,Wine,4.0,390,41.65333333333334,0
2026-08-26,Juice,1,35,中高站門市,Beverages,0.1,665,51.69500000000001,0
2026-08-26,Milk Tea,1,45,中高站門市,Beverages,0.1,665,51.69500000000001,0
2026-08-26,Toiletries,3,210,豐學門市,Other,6.25,665,51.69500000000001,0
2026-08-26,Stationery,3,165,中高站門市,Other,0.1,665,51.69500000000001,0
2026-08-26,Toiletries,3,210,北投門市,Other,4.0,665,51.69500000000001,0
2026-08-29,Sandwich,3,105,冠桃園門市,Food,3.38,315,33.38250000000001,0
2026-08-29,Hot Dog,2,80,冠桃園門市,Food,3.38,315,33.38250000000001,0
2026-08-29,Bento,1,85,冠桃園門市,Food,3.38,315,33.38250000000001,0
2026-08-29,Milk Tea,1,45,北投門市,Beverages,4.0,315,33.38250000000001,0
2026-08-30,Toiletries,1,70,冠桃園門市,Other,3.38,535,51.56333333333335,0
2026-08-30,Sandwich,3,105,中高站門市,Food,0.1,535,51.56333333333335,0
2026-08-30,Sake,3,360,北投門市,Wine,4.0,535,51.56333333333335,0
2026-09-01,Sandwich,1,35,冠桃園門市,Food,3.38,289,34.47000000000001,0
2026-09-01,Bento,2,170,冠桃園門市,Food,3.38,289,34.47000000000001,0
2026-09-01,Green Tea,3,84,榮耀門市,Beverages,5.0,289,34.47000000000001,0
2026-09-03,Hot Dog,3,120,北投門市,Food,4.0,710,48.23500000000001,0
2026-09-03,Toiletries,3,210,北投門市,Other,4.0,710,48.23500000000001,0
2026-09-03,Beer,1,60,北投門市,Wine,4.0,710,48.23500000000001,0
2026-09-03,Toiletries,2,140,北投門市,Other,4.0,710,48.23500000000001,0
2026-09-03,Beer,3,180,豐學門市,Wine,6.25,710,48.23500000000001,0
2026-09-05,Bento,1,85,冠桃園門市,Food,3.38,390,57.52166666666667,0
2026-09-05,Bento,2,170,榮耀門市,Food,5.0,390,57.52166666666667,0
2026-09-05,Milk Tea,3,135,豐學門市,Beverages,6.25,390,57.52166666666667,0
2026-09-07,Green Tea,3,84,中高站門市,Beverages,0.1,599,55.56333333333334,0
2026-09-07,Pickup,2,200,北投門市,Other,4.0,599,55.56333333333334,0
2026-09-07,Milk Tea,2,90,冠桃園門市,Beverages,3.38,599,55.56333333333334,0
2026-09-07,Coffee,2,100,冠桃園門市,Beverages,3.38,599,55.56333333333334,0
2026-09-07,Sandwich,1,35,中高站門市,Food,0.1,599,55.56333333333334,0
2026-09-07,Noodles,2,90,北投門市,Food,4.0,599,55.56333333333334,0
2026-09-11,Beer,2,120,豐學門市,Wine,6.25,420,46.46875,0
2026-09-11,Toiletries,2,140,豐學門市,Other,6.25,420,46.46875,0
2026-09-11,Juice,2,70,冠桃園門市,Beverages,3.38,420,46.46875,0
2026-09-11,Rice Ball,3,90,豐學門市,Food,6.25,420,46.46875,0
2026-09-13,Rice Ball,3,90,榮耀門市,Food,5.0,470,53.655,0
2026-09-13,Pickup,2,200,中高站門市,Other,0.1,470,53.655,0
2026-09-13,Stationery,2,110,冠桃園門市,Other,3.38,470,53.655,0
2026-09-13,Juice,2,70,榮耀門市,Beverages,5.0,470,53.655,0
2026-09-16,Sandwich,1,35,北投門市,Food,4.0,203,37.27500000000001,0
2026-09-16,Green Tea,1,28,北投門市,Beverages,4.0,203,37.27500000000001,0
2026-09-16,Toiletries,2,140,豐學門市,Other,6.25,203,37.27500000000001,0
2026-09-17,Bento,3,255,榮耀門市,Food,5.0,485,49.50333333333333,0
2026-09-17,Rice Ball,2,60,豐學門市,Food,6.25,485,49.50333333333333,0
2026-09-17,Bento,2,170,豐學門市,Food,6.25,485,49.50333333333333,0
2026-09-18,Toiletries,1,70,榮耀門市,Other,5.0,250,56.20833333333334,0
2026-09-18,Noodles,3,135,北投門市,Food,4.0,250,56.20833333333334,0
2026-09-18,Noodles,1,45,豐學門市,Food,6.25,250,56.20833333333334,0
2026-09-19,Sake,1,120,冠桃園門市,Wine,3.38,285,42.66750000000001,0
2026-09-19,Rice Ball,1,30,榮耀門市,Food,5.0,285,42.66750000000001,0
2026-09-19,Black Tea,1,25,中高站門市,Beverages,0.1,285,42.66750000000001,0
2026-09-19,Stationery,2,110,中高站門市,Other,0.1,285,42.66750000000001,0
2026-09-22,Pickup,2,200,中高站門市,Other,0.1,465,27.86000000000001,0
2026-09-22,Stationery,1,55,冠桃園門市,Other,3.38,465,27.86000000000001,0
2026-09-22,Stationery,2,110,冠桃園門市,Other,3.38,465,27.86000000000001,0
2026-09-22,Coffee,2,100,中高站門市,Beverages,0.1,465,27.86000000000001,0
2026-09-23,Milk Tea,3,135,冠桃園門市,Beverages,3.38,230,53.03833333333334,0
2026-09-23,Noodles,1,45,北投門市,Food,4.0,230,53.03833333333334,0
2026-09-23,Black Tea,2,50,豐學門市,Beverages,6.25,230,53.03833333333334,0
2026-09-24,Hot Dog,2,80,北投門市,Food,4.0,425,50.88250000000001,0
2026-09-24,Noodles,3,135,北投門市,Food,4.0,425,50.88250000000001,0
2026-09-24,Toiletries,2,140,中高站門市,Other,0.1,425,50.88250000000001,0
2026-09-24,Sandwich,2,70,榮耀門市,Food,5.0,425,50.88250000000001,0
2026-09-27,Rice Ball,1,30,豐學門市,Food,6.25,150,49.69250000000001,0
2026-09-27,Black Tea,1,25,中高站門市,Beverages,0.1,150,49.69250000000001,0
2026-09-27,Juice,1,35,豐學門市,Beverages,6.25,150,49.69250000000001,0
2026-09-27,Rice Ball,2,60,冠桃園門市,Food,3.38,150,49.69250000000001,0
2026-09-28,Hot Dog,1,40,北投門市,Food,4.0,195,35.53666666666668,0
2026-09-28,Coffee,2,100,榮耀門市,Beverages,5.0,195,35.53666666666668,0
2026-09-28,Stationery,1,55,榮耀門市,Other,5.0,195,35.53666666666668,0
2026-09-29,Black Tea,2,50,冠桃園門市,Beverages,3.38,545,53.436,0
2026-09-29,Coffee,3,150,北投門市,Beverages,4.0,545,53.436,0
2026-09-29,Noodles,3,135,北投門市,Food,4.0,545,53.436,0
2026-09-29,Noodles,2,90,冠桃園門市,Food,3.38,545,53.436,0
2026-09-29,Beer,2,120,中高站門市,Wine,0.1,545,53.436,0
2026-09-30,Noodles,2,90,榮耀門市,Food,5.0,390,52.40833333333334,0
2026-09-30,Pickup,2,200,中高站門市,Other,0.1,390,52.40833333333334,0
2026-09-30,Pickup,1,100,豐學門市,Other,6.25,390,52.40833333333334,0
2026-10-02,Hot Dog,3,120,北投門市,Food,4.0,515,56.64333333333335,0
2026-10-02,Stationery,3,165,北投門市,Other,4.0,515,56.64333333333335,0
2026-10-02,Coffee,1,50,榮耀門市,Beverages,5.0,515,56.64333333333335,0
2026-10-02,Milk Tea,1,45,中高站門市,Beverages,0.1,515,56.64333333333335,0
2026-10-02,Coffee,2,100,榮耀門市,Beverages,5.0,515,56.64333333333335,0
2026-10-02,Sandwich,1,35,中高站門市,Food,0.1,515,56.64333333333335,0
2026-10-04,Black Tea,3,75,中高站門市,Beverages,0.1,617,54.285,0
2026-10-04,Green Tea,1,28,冠桃園門市,Beverages,3.38,617,54.285,0
2026-10-04,Green Tea,3,84,中高站門市,Beverages,0.1,617,54.285,0
2026-10-04,Sake,2,240,榮耀門市,Wine,5.0,617,54.285,0
2026-10-04,Pickup,1,100,冠桃園門市,Other,3.38,617,54.285,0
2026-10-04,Rice Ball,3,90,中高站門市,Food,0.1,617,54.285,0
2026-10-06,Stationery,1,55,中高站門市,Other,0.1,390,48.31333333333335,0
2026-10-06,Pickup,3,300,冠桃園門市,Other,3.38,390,48.31333333333335,0
2026-10-06,Juice,1,35,北投門市,Beverages,4.0,390,48.31333333333335,0
2026-10-10,Pickup,1,100,中高站門市,Other,0.1,250,28.93666666666667,0
2026-10-10,Rice Ball,3,90,榮耀門市,Food,5.0,250,28.93666666666667,0
2026-10-10,Rice Ball,2,60,榮耀門市,Food,5.0,250,28.93666666666667,0
2026-10-12,Noodles,3,135,豐學門市,Food,6.25,390,48.24625,0
2026-10-12,Hot Dog,3,120,榮耀門市,Food,5.0,390,48.24625,0
2026-10-12,Milk Tea,1,45,豐學門市,Beverages,6.25,390,48.24625,0
2026-10-12,Rice Ball,3,90,豐學門市,Food,6.25,390,48.24625,0
2026-10-13,Stationery,3,165,北投門市,Other,4.0,340,18.49,0
2026-10-13,Juice,3,105,北投門市,Beverages,4.0,340,18.49,0
2026-10-13,Toiletries,1,70,北投門市,Other,4.0,340,18.49,0
2026-10-15,Black Tea,3,75,中高站門市,Beverages,0.1,601,54.97833333333334,0
2026-10-15,Pickup,1,100,榮耀門市,Other,5.0,601,54.97833333333334,0
2026-10-15,Green Tea,1,28,榮耀門市,Beverages,5.0,601,54.97833333333334,0
2026-10-15,Bento,2,170,中高站門市,Food,0.1,601,54.97833333333334,0
2026-10-15,Green Tea,1,28,北投門市,Beverages,4.0,601,54.97833333333334,0
2026-10-15,Pickup,2,200,中高站門市,Other,0.1,601,54.97833333333334,0
2026-10-16,Juice,3,105,中高站門市,Beverages,0.1,570,27.98333333333334,0
2026-10-16,Sandwich,3,105,冠桃園門市,Food,3.38,570,27.98333333333334,0
2026-10-16,Sake,3,360,中高站門市,Wine,0.1,570,27.98333333333334,0
2026-10-17,Pickup,3,300,豐學門市,Other,6.25,655,49.58333333333334,0
2026-10-17,Pickup,3,300,豐學門市,Other,6.25,655,49.58333333333334,0
2026-10-17,Stationery,1,55,冠桃園門市,Other,3.38,655,49.58333333333334,0
2026-10-22,Pickup,1,100,榮耀門市,Other,5.0,186,49.25666666666667,0
2026-10-22,Green Tea,2,56,北投門市,Beverages,4.0,186,49.25666666666667,0
2026-10-22,Rice Ball,1,30,冠桃園門市,Food,3.38,186,49.25666666666667,0
2026-10-27,Rice Ball,2,60,豐學門市,Food,6.25,140,42.73833333333334,0
2026-10-27,Sandwich,1,35,中高站門市,Food,0.1,140,42.73833333333334,0
2026-10-27,Milk Tea,1,45,冠桃園門市,Beverages,3.38,140,42.73833333333334,0
2026-10-30,Beer,3,180,北投門市,Wine,4.0,380,34.98333333333333,0
2026-10-30,Stationery,2,110,冠桃園門市,Other,3.38,380,34.98333333333333,0
2026-10-30,Noodles,2,90,北投門市,Food,4.0,380,34.98333333333333,0
2026-11-02,Beer,2,120,豐學門市,Wine,6.25,250,55.75833333333334,0
2026-11-02,Coffee,1,50,榮耀門市,Beverages,5.0,250,55.75833333333334,0
2026-11-02,Hot Dog,2,80,北投門市,Food,4.0,250,55.75833333333334,0
2026-11-03,Toiletries,3,210,中高站門市,Other,0.1,431,50.48800000000001,0
2026-11-03,Juice,1,35,中高站門市,Beverages,0.1,431,50.48800000000001,0
2026-11-03,Beer,1,60,北投門市,Wine,4.0,431,50.48800000000001,0
2026-11-03,Green Tea,2,56,北投門市,Beverages,4.0,431,50.48800000000001,0
2026-11-03,Toiletries,1,70,冠桃園門市,Other,3.38,431,50.48800000000001,0
2026-11-04,Sandwich,2,70,中高站門市,Food,0.1,394,47.22875000000001,0
2026-11-04,Milk Tea,2,90,中高站門市,Beverages,0.1,394,47.22875000000001,0
2026-11-04,Coffee,3,150,豐學門市,Beverages,6.25,394,47.22875000000001,0
2026-11-04,Green Tea,3,84,北投門市,Beverages,4.0,394,47.22875000000001,0
2026-11-06,Stationery,3,165,中高站門市,Other,0.1,363,45.65000000000001,0
2026-11-06,Hot Dog,2,80,榮耀門市,Food,5.0,363,45.65000000000001,0
2026-11-06,Green Tea,1,28,北投門市,Beverages,4.0,363,45.65000000000001,0
2026-11-06,Noodles,2,90,中高站門市,Food,0.1,363,45.65000000000001,0
2026-11-08,Bento,2,170,中高站門市,Food,0.1,398,49.24375000000001,0
2026-11-08,Pickup,1,100,榮耀門市,Other,5.0,398,49.24375000000001,0
2026-11-08,Green Tea,1,28,豐學門市,Beverages,6.25,398,49.24375000000001,0
2026-11-08,Pickup,1,100,中高站門市,Other,0.1,398,49.24375000000001,0
2026-11-09,Beer,3,180,中高站門市,Wine,0.1,285,46.63333333333334,0
2026-11-09,Juice,1,35,北投門市,Beverages,4.0,285,46.63333333333334,0
2026-11-09,Juice,2,70,榮耀門市,Beverages,5.0,285,46.63333333333334,0
2026-11-10,Coffee,1,50,榮耀門市,Beverages,5.0,240,21.34,0
2026-11-10,Stationery,2,110,榮耀門市,Other,5.0,240,21.34,0
2026-11-10,Hot Dog,2,80,榮耀門市,Food,5.0,240,21.34,0
2026-11-13,Beer,3,180,榮耀門市,Wine,5.0,770,37.15333333333334,0
2026-11-13,Rice Ball,3,90,中高站門市,Food,0.1,770,37.15333333333334,0
2026-11-13,Whiskey,2,500,中高站門市,Wine,0.1,770,37.15333333333334,0
2026-11-14,Black Tea,3,75,榮耀門市,Beverages,5.0,1025,56.18666666666667,0
2026-11-14,Whiskey,3,750,榮耀門市,Wine,5.0,1025,56.18666666666667,0
2026-11-14,Pickup,2,200,中高站門市,Other,0.1,1025,56.18666666666667,0
2026-11-15,Stationery,3,165,榮耀門市,Other,5.0,600,57.84166666666667,0
2026-11-15,Juice,2,70,中高站門市,Beverages,0.1,600,57.84166666666667,0
2026-11-15,Milk Tea,1,45,榮耀門市,Beverages,5.0,600,57.84166666666667,0
2026-11-15,Stationery,2,110,冠桃園門市,Other,3.38,600,57.84166666666667,0
2026-11-15,Rice Ball,3,90,榮耀門市,Food,5.0,600,57.84166666666667,0
2026-11-15,Sake,1,120,中高站門市,Wine,0.1,600,57.84166666666667,0
2026-11-16,Green Tea,1,28,榮耀門市,Beverages,5.0,282,42.63166666666667,0
2026-11-16,Bento,2,170,榮耀門市,Food,5.0,282,42.63166666666667,0
2026-11-16,Green Tea,3,84,豐學門市,Beverages,6.25,282,42.63166666666667,0
2026-11-18,Green Tea,1,28,冠桃園門市,Beverages,3.38,313,57.31833333333334,0
2026-11-18,Juice,1,35,北投門市,Beverages,4.0,313,57.31833333333334,0
2026-11-18,Whiskey,1,250,豐學門市,Wine,6.25,313,57.31833333333334,0
2026-11-20,Sandwich,3,105,北投門市,Food,4.0,729,59.77600000000001,0
2026-11-20,Pickup,3,300,中高站門市,Other,0.1,729,59.77600000000001,0
2026-11-20,Sandwich,2,70,北投門市,Food,4.0,729,59.77600000000001,0
2026-11-20,Bento,2,170,冠桃園門市,Food,3.38,729,59.77600000000001,0
2026-11-20,Green Tea,3,84,冠桃園門市,Beverages,3.38,729,59.77600000000001,0
2026-11-21,Toiletries,2,140,榮耀門市,Other,5.0,305,37.83666666666667,0
2026-11-21,Rice Ball,2,60,榮耀門市,Food,5.0,305,37.83666666666667,0
2026-11-21,Sandwich,3,105,北投門市,Food,4.0,305,37.83666666666667,0
2026-11-22,Rice Ball,3,90,中高站門市,Food,0.1,525,49.43875000000001,0
2026-11-22,Beer,3,180,豐學門市,Wine,6.25,525,49.43875000000001,0
2026-11-22,Hot Dog,3,120,中高站門市,Food,0.1,525,49.43875000000001,0
2026-11-22,Milk Tea,3,135,北投門市,Beverages,4.0,525,49.43875000000001,0
2026-11-24,Juice,1,35,冠桃園門市,Beverages,3.38,290,46.44666666666667,0
2026-11-24,Toiletries,3,210,中高站門市,Other,0.1,290,46.44666666666667,0
2026-11-24,Milk Tea,1,45,榮耀門市,Beverages,5.0,290,46.44666666666667,0
2026-11-25,Whiskey,1,250,北投門市,Wine,4.0,425,56.14666666666666,0
2026-11-25,Juice,3,105,冠桃園門市,Beverages,3.38,425,56.14666666666666,0
2026-11-25,Toiletries,1,70,榮耀門市,Other,5.0,425,56.14666666666666,0
2026-11-26,Hot Dog,3,120,中高站門市,Food,0.1,470,31.67,0
2026-11-26,Stationery,2,110,北投門市,Other,4.0,470,31.67,0
2026-11-26,Sake,2,240,北投門市,Wine,4.0,470,31.67,0
2026-11-27,Toiletries,1,70,中高站門市,Other,0.1,530,53.49166666666667,0
2026-11-27,Noodles,2,90,北投門市,Food,4.0,530,53.49166666666667,0
2026-11-27,Bento,1,85,中高站門市,Food,0.1,530,53.49166666666667,0
2026-11-27,Hot Dog,1,40,冠桃園門市,Food,3.38,530,53.49166666666667,0
2026-11-27,Noodles,3,135,北投門市,Food,4.0,530,53.49166666666667,0
2026-11-27,Stationery,2,110,北投門市,Other,4.0,530,53.49166666666667,0
2026-11-28,Black Tea,3,75,中高站門市,Beverages,0.1,605,47.19250000000001,0
2026-11-28,Bento,2,170,北投門市,Food,4.0,605,47.19250000000001,0
2026-11-28,Coffee,3,150,中高站門市,Beverages,0.1,605,47.19250000000001,0
2026-11-28,Toiletries,3,210,冠桃園門市,Other,3.38,605,47.19250000000001,0
2026-12-02,Beer,2,120,冠桃園門市,Wine,3.38,420,46.39666666666668,0
2026-12-02,Noodles,3,135,中高站門市,Food,0.1,420,46.39666666666668,0
2026-12-02,Stationery,3,165,榮耀門市,Other,5.0,420,46.39666666666668,0
2026-12-04,Sandwich,3,105,北投門市,Food,4.0,335,26.315,0
2026-12-04,Milk Tea,3,135,北投門市,Beverages,4.0,335,26.315,0
2026-12-04,Black Tea,1,25,中高站門市,Beverages,0.1,335,26.315,0
2026-12-04,Sandwich,2,70,中高站門市,Food,0.1,335,26.315,0
2026-12-05,Beer,2,120,冠桃園門市,Wine,3.38,390,25.89666666666667,0
2026-12-05,Coffee,3,150,中高站門市,Beverages,0.1,390,25.89666666666667,0
2026-12-05,Beer,2,120,冠桃園門市,Wine,3.38,390,25.89666666666667,0
2026-12-07,Whiskey,1,250,中高站門市,Wine,0.1,550,50.24666666666667,0
2026-12-07,Milk Tea,3,135,榮耀門市,Beverages,5.0,550,50.24666666666667,0
2026-12-07,Stationery,3,165,冠桃園門市,Other,3.38,550,50.24666666666667,0
2026-12-09,Toiletries,1,70,冠桃園門市,Other,3.38,910,58.08000000000001,0
2026-12-09,Whiskey,3,750,榮耀門市,Wine,5.0,910,58.08000000000001,0
2026-12-09,Milk Tea,2,90,冠桃園門市,Beverages,3.38,910,58.08000000000001,0
2026-12-10,Stationery,3,165,冠桃園門市,Other,3.38,410,56.85875,0
2026-12-10,Juice,3,105,豐學門市,Beverages,6.25,410,56.85875,0
2026-12-10,Rice Ball,3,90,北投門市,Food,4.0,410,56.85875,0
2026-12-10,Black Tea,2,50,冠桃園門市,Beverages,3.38,410,56.85875,0
2026-12-11,Toiletries,3,210,榮耀門市,Other,5.0,460,47.97000000000001,0
2026-12-11,Beer,1,60,中高站門市,Wine,0.1,460,47.97000000000001,0
2026-12-11,Beer,2,120,北投門市,Wine,4.0,460,47.97000000000001,0
2026-12-11,Juice,2,70,中高站門市,Beverages,0.1,460,47.97000000000001,0
2026-12-12,Coffee,2,100,中高站門市,Beverages,0.1,515,52.678,0
2026-12-12,Sandwich,1,35,冠桃園門市,Food,3.38,515,52.678,0
2026-12-12,Bento,3,255,北投門市,Food,4.0,515,52.678,0
2026-12-12,Hot Dog,1,40,北投門市,Food,4.0,515,52.678,0
2026-12-12,Bento,1,85,中高站門市,Food,0.1,515,52.678,0
2026-12-13,Green Tea,1,28,冠桃園門市,Beverages,3.38,328,56.75166666666667,0
2026-12-13,Noodles,3,135,榮耀門市,Food,5.0,328,56.75166666666667,0
2026-12-13,Stationery,3,165,豐學門市,Other,6.25,328,56.75166666666667,0
2026-12-14,Milk Tea,1,45,豐學門市,Beverages,6.25,220,56.31125,0
2026-12-14,Juice,1,35,榮耀門市,Beverages,5.0,220,56.31125,0
2026-12-14,Milk Tea,2,90,冠桃園門市,Beverages,3.38,220,56.31125,0
2026-12-14,Black Tea,2,50,榮耀門市,Beverages,5.0,220,56.31125,0
2026-12-16,Black Tea,1,25,中高站門市,Beverages,0.1,410,39.62,0
2026-12-16,Whiskey,1,250,豐學門市,Wine,6.25,410,39.62,0
2026-12-16,Noodles,3,135,豐學門市,Food,6.25,410,39.62,0
2026-12-18,Black Tea,1,25,北投門市,Beverages,4.0,205,56.955,0
2026-12-18,Juice,3,105,豐學門市,Beverages,6.25,205,56.955,0
2026-12-18,Black Tea,1,25,豐學門市,Beverages,6.25,205,56.955,0
2026-12-18,Black Tea,2,50,冠桃園門市,Beverages,3.38,205,56.955,0
2026-12-19,Hot Dog,3,120,豐學門市,Food,6.25,440,51.19750000000001,0
2026-12-19,Sandwich,2,70,中高站門市,Food,0.1,440,51.19750000000001,0
2026-12-19,Stationery,1,55,北投門市,Other,4.0,440,51.19750000000001,0
2026-12-19,Juice,1,35,中高站門市,Beverages,0.1,440,51.19750000000001,0
2026-12-19,Black Tea,3,75,北投門市,Beverages,4.0,440,51.19750000000001,0
2026-12-19,Bento,1,85,中高站門市,Food,0.1,440,51.19750000000001,0
2026-12-20,Whiskey,1,250,榮耀門市,Wine,5.0,505,51.78500000000001,0
2026-12-20,Rice Ball,2,60,榮耀門市,Food,5.0,505,51.78500000000001,0
2026-12-20,Noodles,1,45,榮耀門市,Food,5.0,505,51.78500000000001,0
2026-12-20,Beer,1,60,榮耀門市,Wine,5.0,505,51.78500000000001,0
2026-12-20,Rice Ball,3,90,豐學門市,Food,6.25,505,51.78500000000001,0
2026-12-21,Hot Dog,1,40,中高站門市,Food,0.1,440,26.9775,0
2026-12-21,Stationery,2,110,榮耀門市,Other,5.0,440,26.9775,0
2026-12-21,Sandwich,1,35,中高站門市,Food,0.1,440,26.9775,0
2026-12-21,Bento,3,255,中高站門市,Food,0.1,440,26.9775,0
2026-12-22,Whiskey,2,500,榮耀門市,Wine,5.0,960,51.68000000000001,0
2026-12-22,Noodles,3,135,榮耀門市,Food,5.0,960,51.68000000000001,0
2026-12-22,Noodles,3,135,榮耀門市,Food,5.0,960,51.68000000000001,0
2026-12-22,Coffee,2,100,中高站門市,Beverages,0.1,960,51.68000000000001,0
2026-12-22,Rice Ball,3,90,中高站門市,Food,0.1,960,51.68000000000001,0
2026-12-24,Bento,2,170,榮耀門市,Food,5.0,525,56.25750000000001,0
2026-12-24,Milk Tea,2,90,北投門市,Beverages,4.0,525,56.25750000000001,0
2026-12-24,Sake,2,240,榮耀門市,Wine,5.0,525,56.25750000000001,0
2026-12-24,Black Tea,1,25,中高站門市,Beverages,0.1,525,56.25750000000001,0
2026-12-25,Sake,2,240,北投門市,Wine,4.0,441,47.19800000000001,0
2026-12-25,Black Tea,1,25,冠桃園門市,Beverages,3.38,441,47.19800000000001,0
2026-12-25,Sandwich,2,70,中高站門市,Food,0.1,441,47.19800000000001,0
2026-12-25,Coffee,1,50,中高站門市,Beverages,0.1,441,47.19800000000001,0
2026-12-25,Green Tea,2,56,中高站門市,Beverages,0.1,441,47.19800000000001,0
2026-12-26,Beer,2,120,冠桃園門市,Wine,3.38,420,36.68000000000001,0
2026-12-26,Pickup,2,200,冠桃園門市,Other,3.38,420,36.68000000000001,0
2026-12-26,Pickup,1,100,榮耀門市,Other,5.0,420,36.68000000000001,0
2026-12-27,Toiletries,3,210,冠桃園門市,Other,3.38,640,42.67166666666667,0
2026-12-27,Whiskey,1,250,豐學門市,Wine,6.25,640,42.67166666666667,0
2026-12-27,Beer,3,180,冠桃園門市,Wine,3.38,640,42.67166666666667,0
2026-12-28,Toiletries,1,70,中高站門市,Other,0.1,660,57.27100000000001,0
2026-12-28,Rice Ball,2,60,冠桃園門市,Food,3.38,660,57.27100000000001,0
2026-12-28,Stationery,2,110,冠桃園門市,Other,3.38,660,57.27100000000001,0
2026-12-28,Sake,1,120,中高站門市,Wine,0.1,660,57.27100000000001,0
2026-12-28,Pickup,3,300,豐學門市,Other,6.25,660,57.27100000000001,0
2026-12-30,Stationery,3,165,豐學門市,Other,6.25,490,47.91875,0
2026-12-30,Pickup,1,100,冠桃園門市,Other,3.38,490,47.91875,0
2026-12-30,Hot Dog,3,120,豐學門市,Food,6.25,490,47.91875,0
2026-12-30,Juice,3,105,豐學門市,Beverages,6.25,490,47.91875,0
